{
    "U-Net": {
        "train_loss": [
            0.043690852877155475,
            0.02539388423503564,
            0.021194522326389142,
            0.018404645235964946,
            0.015285617272932681,
            0.013902793050925519,
            0.010980013450872777,
            0.009825403097661955,
            0.009331709895069778,
            0.008493218062359599
        ],
        "val_loss": [
            0.029811930996342207,
            0.02319659456565768,
            0.019161445140041002,
            0.016250528251872808,
            0.02223086497014528,
            0.012142448967498807,
            0.010326811647929634,
            0.008708115827905231,
            0.007949490503333113,
            0.008024417748353427
        ],
        "val_dice": [
            0.5171439484989719,
            0.4940175020667725,
            0.5559526026950691,
            0.5598906096140644,
            0.5810131926112166,
            0.6467174238965868,
            0.6942230856779658,
            0.7414025531453077,
            0.7346945761412275,
            0.7564993902577836
        ],
        "val_iou": [
            0.4306401604856204,
            0.4114350190376659,
            0.4786431860313164,
            0.47923698568571543,
            0.49744751503359647,
            0.5503275537703515,
            0.6026454040821657,
            0.655378165623175,
            0.6475398170329257,
            0.6746329886319012
        ]
    },
    "Attention U-Net": {
        "train_loss": [
            0.06594488116910767,
            0.021059327767513167,
            0.01727052619341588,
            0.01369038562561562,
            0.011874364033026968,
            0.01142385941388399,
            0.009493734138065332,
            0.009360221376996275,
            0.007545474688540661,
            0.00812273472351284
        ],
        "val_loss": [
            0.022012923612214418,
            0.02025782924188599,
            0.013114990724051527,
            0.010976410522610234,
            0.016245689578723327,
            0.010100709144810515,
            0.00794946262064472,
            0.007870152763016126,
            0.007041827508035724,
            0.007028017944497054
        ],
        "val_dice": [
            0.4573976111611198,
            0.4854795213793102,
            0.6535635622822926,
            0.7082728278624153,
            0.6230037230285973,
            0.7310505836970023,
            0.758829547403098,
            0.7901248572792041,
            0.7767634452169455,
            0.8073438787081031
        ],
        "val_iou": [
            0.37960276617679234,
            0.41857652749654506,
            0.5640808063147491,
            0.6135965021217915,
            0.5388555905783238,
            0.6389757742807057,
            0.6742397283858111,
            0.7101041976240229,
            0.6964333737903815,
            0.7286934209330247
        ]
    },
    "LinkNet": {
        "train_loss": [
            0.06984108047377384,
            0.02391068769693517,
            0.018596987099903362,
            0.015454975254958111,
            0.013527519506280566,
            0.011944214382926335,
            0.010256492047207478,
            0.009205167983450441,
            0.008413751603643447,
            0.007978670726020456
        ],
        "val_loss": [
            0.02540125431809669,
            0.025418471039135748,
            0.016114051785582423,
            0.012518820437652338,
            0.011416352169468838,
            0.010934812706560701,
            0.014296080138130843,
            0.014561886618513351,
            0.009802651799111516,
            0.0075460279894734765
        ],
        "val_dice": [
            0.48053880962909384,
            0.3505498436696743,
            0.5627529631738832,
            0.6510980522628211,
            0.6867178841298425,
            0.6558964389415857,
            0.6792306470621198,
            0.6595194037914237,
            0.732104912896545,
            0.7944876696790428
        ],
        "val_iou": [
            0.4092510455620674,
            0.296132083942431,
            0.4714815761247586,
            0.5542143995972303,
            0.5916359091364912,
            0.5638688078827885,
            0.5937274838015655,
            0.572810487915341,
            0.6421169178148173,
            0.7137577010412098
        ]
    }
}